,Close_tMinus6,Close_tMinus5,Close_tMinus4,Close_tMinus3,Close_tMinus2,Close_tMinus1,Close,Volume,Index_Close,TSLA_monthly,Recent_Recommendation,Prediction
2019-10-10,48.625999450683594,46.60599899291992,46.2859992980957,47.54399871826172,48.0099983215332,48.90599822998047,48.948001861572266,31416500,287.6768798828125,8.0,Market Perform,1
2019-10-11,46.60599899291992,46.2859992980957,47.54399871826172,48.0099983215332,48.90599822998047,48.948001861572266,49.577999114990234,42377000,290.6591796875,8.0,Market Perform,1
2019-10-14,46.2859992980957,47.54399871826172,48.0099983215332,48.90599822998047,48.948001861572266,49.577999114990234,51.391998291015625,51025000,290.3354797363281,9.0,Market Perform,1
2019-10-15,47.54399871826172,48.0099983215332,48.90599822998047,48.948001861572266,49.577999114990234,51.391998291015625,51.577999114990234,32164000,293.20989990234375,9.0,Market Perform,1
2019-10-16,48.0099983215332,48.90599822998047,48.948001861572266,49.577999114990234,51.391998291015625,51.577999114990234,51.95000076293945,33420500,292.7389831542969,9.0,Market Perform,1
2019-10-17,48.90599822998047,48.948001861572266,49.577999114990234,51.391998291015625,51.577999114990234,51.95000076293945,52.39400100708008,23846500,293.602294921875,9.0,Market Perform,0
2019-10-18,48.948001861572266,49.577999114990234,51.391998291015625,51.577999114990234,51.95000076293945,52.39400100708008,51.38999938964844,28749000,292.317138671875,9.0,Market Perform,0
2019-10-21,49.577999114990234,51.391998291015625,51.577999114990234,51.95000076293945,52.39400100708008,51.38999938964844,50.70000076293945,25101500,294.2987976074219,23.0,Market Perform,1
2019-10-22,51.391998291015625,51.577999114990234,51.95000076293945,52.39400100708008,51.38999938964844,50.70000076293945,51.11600112915039,23004000,293.33740234375,23.0,Market Perform,0
2019-10-23,51.577999114990234,51.95000076293945,52.39400100708008,51.38999938964844,50.70000076293945,51.11600112915039,50.93600082397461,26305500,294.19091796875,23.0,Market Perform,1
2019-10-24,51.95000076293945,52.39400100708008,51.38999938964844,50.70000076293945,51.11600112915039,50.93600082397461,59.93600082397461,148604500,294.671630859375,23.0,Market Perform,1
2019-10-25,52.39400100708008,51.38999938964844,50.70000076293945,51.11600112915039,50.93600082397461,59.93600082397461,65.6259994506836,150030500,295.8782958984375,23.0,Buy,0
2019-10-28,51.38999938964844,50.70000076293945,51.11600112915039,50.93600082397461,59.93600082397461,65.6259994506836,65.54199981689453,94351500,297.5460205078125,13.0,Underweight,0
2019-10-29,50.70000076293945,51.11600112915039,50.93600082397461,59.93600082397461,65.6259994506836,65.54199981689453,63.24399948120117,63421500,297.4577331542969,13.0,Underweight,0
2019-10-30,51.11600112915039,50.93600082397461,59.93600082397461,65.6259994506836,65.54199981689453,63.24399948120117,63.00199890136719,48209000,298.3701171875,13.0,Sell,0
2019-10-31,50.93600082397461,59.93600082397461,65.6259994506836,65.54199981689453,63.24399948120117,63.00199890136719,62.98400115966797,25335000,297.575439453125,13.0,Sell,0
2019-11-01,59.93600082397461,65.6259994506836,65.54199981689453,63.24399948120117,63.00199890136719,62.98400115966797,62.6619987487793,31919500,300.3321838378906,13.0,Equal-Weight,1
2019-11-04,65.6259994506836,65.54199981689453,63.24399948120117,63.00199890136719,62.98400115966797,62.6619987487793,63.49399948120117,43935000,301.538818359375,10.0,Equal-Weight,0
2019-11-05,65.54199981689453,63.24399948120117,63.00199890136719,62.98400115966797,62.6619987487793,63.49399948120117,63.444000244140625,34717000,301.20526123046875,10.0,Equal-Weight,1
2019-11-06,63.24399948120117,63.00199890136719,62.98400115966797,62.6619987487793,63.49399948120117,63.444000244140625,65.31600189208984,39704500,301.27392578125,10.0,Equal-Weight,1
2019-11-07,63.00199890136719,62.98400115966797,62.6619987487793,63.49399948120117,63.444000244140625,65.31600189208984,67.10800170898438,72336500,302.3334655761719,10.0,Equal-Weight,1
2019-11-08,62.98400115966797,62.6619987487793,63.49399948120117,63.444000244140625,65.31600189208984,67.10800170898438,67.4280014038086,30346000,303.0790710449219,10.0,Equal-Weight,1
2019-11-11,62.6619987487793,63.49399948120117,63.444000244140625,65.31600189208984,67.10800170898438,67.4280014038086,69.01799774169922,49933500,302.500244140625,11.0,Equal-Weight,1
2019-11-12,63.49399948120117,63.444000244140625,65.31600189208984,67.10800170898438,67.4280014038086,69.01799774169922,69.98600006103516,36797000,303.13787841796875,11.0,Buy,0
2019-11-13,63.444000244140625,65.31600189208984,67.10800170898438,67.4280014038086,69.01799774169922,69.98600006103516,69.22200012207031,42100500,303.2359924316406,11.0,Buy,1
2019-11-14,65.31600189208984,67.10800170898438,67.4280014038086,69.01799774169922,69.98600006103516,69.22200012207031,69.87000274658203,32324500,303.67742919921875,11.0,Buy,1
2019-11-15,67.10800170898438,67.4280014038086,69.01799774169922,69.98600006103516,69.22200012207031,69.87000274658203,70.43399810791016,24045000,305.875,11.0,Buy,0
2019-11-18,67.4280014038086,69.01799774169922,69.98600006103516,69.22200012207031,69.87000274658203,70.43399810791016,69.99800109863281,22002000,306.1006164550781,17.0,Buy,1
2019-11-19,69.01799774169922,69.98600006103516,69.22200012207031,69.87000274658203,70.43399810791016,69.99800109863281,71.90399932861328,38624000,306.0122985839844,17.0,Hold,0
2019-11-20,69.98600006103516,69.22200012207031,69.87000274658203,70.43399810791016,69.99800109863281,71.90399932861328,70.44400024414062,33625500,304.87432861328125,17.0,Hold,1
2019-11-21,69.22200012207031,69.87000274658203,70.43399810791016,69.99800109863281,71.90399932861328,70.44400024414062,70.96600341796875,30550000,304.3837890625,17.0,Hold,0
2019-11-22,69.87000274658203,70.43399810791016,69.99800109863281,71.90399932861328,70.44400024414062,70.96600341796875,66.60800170898438,84353000,305.0606994628906,17.0,Hold,1
2019-11-25,70.43399810791016,69.99800109863281,71.90399932861328,70.44400024414062,70.96600341796875,66.60800170898438,67.26799774169922,61697500,307.42498779296875,11.0,Hold,0
2019-11-26,69.99800109863281,71.90399932861328,70.44400024414062,70.96600341796875,66.60800170898438,67.26799774169922,65.78399658203125,39737000,308.12152099609375,11.0,Hold,1
2019-11-27,71.90399932861328,70.44400024414062,70.96600341796875,66.60800170898438,67.26799774169922,65.78399658203125,66.25800323486328,27778000,309.4949951171875,11.0,Hold,0
2019-11-29,70.44400024414062,70.96600341796875,66.60800170898438,67.26799774169922,65.78399658203125,66.25800323486328,65.98799896240234,12328000,308.34716796875,11.0,Hold,1
2019-12-02,70.96600341796875,66.60800170898438,67.26799774169922,65.78399658203125,66.25800323486328,65.98799896240234,66.9739990234375,30372500,305.72784423828125,9.0,Hold,1
2019-12-03,66.60800170898438,67.26799774169922,65.78399658203125,66.25800323486328,65.98799896240234,66.9739990234375,67.23999786376953,32868500,303.67742919921875,9.0,Hold,0
2019-12-04,67.26799774169922,65.78399658203125,66.25800323486328,65.98799896240234,66.9739990234375,67.23999786376953,66.60600280761719,27665000,305.55120849609375,9.0,Overweight,0
2019-12-05,65.78399658203125,66.25800323486328,65.98799896240234,66.9739990234375,67.23999786376953,66.60600280761719,66.0739974975586,18623000,306.1006164550781,9.0,Sell,1
2019-12-06,66.25800323486328,65.98799896240234,66.9739990234375,67.23999786376953,66.60600280761719,66.0739974975586,67.1780014038086,38062000,308.8965148925781,9.0,Sell,1
2019-12-09,65.98799896240234,66.9739990234375,67.23999786376953,66.60600280761719,66.0739974975586,67.1780014038086,67.90599822998047,45115500,307.9253234863281,9.0,Equal-Weight,1
2019-12-10,66.9739990234375,67.23999786376953,66.60600280761719,66.0739974975586,67.1780014038086,67.90599822998047,69.76799774169922,44141500,307.5819396972656,9.0,Equal-Weight,1
2019-12-11,67.23999786376953,66.60600280761719,66.0739974975586,67.1780014038086,67.90599822998047,69.76799774169922,70.54000091552734,34489000,308.455078125,9.0,Buy,1
2019-12-12,66.60600280761719,66.0739974975586,67.1780014038086,67.90599822998047,69.76799774169922,70.54000091552734,71.93599700927734,38819500,311.1136474609375,9.0,Buy,0
2019-12-13,66.0739974975586,67.1780014038086,67.90599822998047,69.76799774169922,70.54000091552734,71.93599700927734,71.6780014038086,32854500,311.300048828125,9.0,Buy,1
2019-12-16,67.1780014038086,67.90599822998047,69.76799774169922,70.54000091552734,71.93599700927734,71.6780014038086,76.30000305175781,90871000,313.4386901855469,17.0,Buy,0
2019-12-17,67.90599822998047,69.76799774169922,70.54000091552734,71.93599700927734,71.6780014038086,76.30000305175781,75.7979965209961,42484000,313.5074157714844,17.0,Buy,1
2019-12-18,69.76799774169922,70.54000091552734,71.93599700927734,71.6780014038086,76.30000305175781,75.7979965209961,78.62999725341797,70605000,313.5270080566406,17.0,Buy,1
2019-12-19,70.54000091552734,71.93599700927734,71.6780014038086,76.30000305175781,75.7979965209961,78.62999725341797,80.80799865722656,90535500,314.8121337890625,17.0,Buy,1
2019-12-20,71.93599700927734,71.6780014038086,76.30000305175781,75.7979965209961,78.62999725341797,80.80799865722656,81.11799621582031,73763500,316.1923522949219,17.0,Buy,1
2019-12-23,71.6780014038086,76.30000305175781,75.7979965209961,78.62999725341797,80.80799865722656,81.11799621582031,83.84400177001953,66598000,316.6754150390625,16.0,Buy,1
2019-12-24,76.30000305175781,75.7979965209961,78.62999725341797,80.80799865722656,81.11799621582031,83.84400177001953,85.05000305175781,40273500,316.6852722167969,16.0,Buy,1
2019-12-26,75.7979965209961,78.62999725341797,80.80799865722656,81.11799621582031,83.84400177001953,85.05000305175781,86.18800354003906,53169500,318.3710632324219,16.0,Buy,0
2019-12-27,78.62999725341797,80.80799865722656,81.11799621582031,83.84400177001953,85.05000305175781,86.18800354003906,86.07599639892578,49728500,318.29217529296875,16.0,Neutral,0
2019-12-30,80.80799865722656,81.11799621582031,83.84400177001953,85.05000305175781,86.18800354003906,86.07599639892578,82.94000244140625,62932000,316.5373840332031,15.0,Neutral,1
2019-12-31,81.11799621582031,83.84400177001953,85.05000305175781,86.18800354003906,86.07599639892578,82.94000244140625,83.66600036621094,51428500,317.30633544921875,15.0,Underperform,1
2020-01-02,83.84400177001953,85.05000305175781,86.18800354003906,86.07599639892578,82.94000244140625,83.66600036621094,86.052001953125,47660500,320.27374267578125,15.0,Underperform,1
2020-01-03,85.05000305175781,86.18800354003906,86.07599639892578,82.94000244140625,83.66600036621094,86.052001953125,88.60199737548828,88892500,317.84857177734375,15.0,Buy,1
2020-01-06,86.18800354003906,86.07599639892578,82.94000244140625,83.66600036621094,86.052001953125,88.60199737548828,90.30799865722656,50665000,319.0611877441406,24.0,Buy,1
2020-01-07,86.07599639892578,82.94000244140625,83.66600036621094,86.052001953125,88.60199737548828,90.30799865722656,93.81199645996094,89410500,318.1640319824219,24.0,Underperform,1
2020-01-08,82.94000244140625,83.66600036621094,86.052001953125,88.60199737548828,90.30799865722656,93.81199645996094,98.4280014038086,155721500,319.8597412109375,24.0,Underperform,0
2020-01-09,83.66600036621094,86.052001953125,88.60199737548828,90.30799865722656,93.81199645996094,98.4280014038086,96.26799774169922,142202000,322.028564453125,24.0,Underperform,0
2020-01-10,86.052001953125,88.60199737548828,90.30799865722656,93.81199645996094,98.4280014038086,96.26799774169922,95.62999725341797,64797500,321.10186767578125,24.0,Sell,1
2020-01-13,88.60199737548828,90.30799865722656,93.81199645996094,98.4280014038086,96.26799774169922,95.62999725341797,104.97200012207031,132588000,323.3101806640625,32.0,Overweight,1
2020-01-14,90.30799865722656,93.81199645996094,98.4280014038086,96.26799774169922,95.62999725341797,104.97200012207031,107.58399963378906,144981000,322.8172607421875,32.0,Outperform,0
2020-01-15,93.81199645996094,98.4280014038086,96.26799774169922,95.62999725341797,104.97200012207031,107.58399963378906,103.69999694824219,86844000,323.5467834472656,32.0,Buy,0
2020-01-16,98.4280014038086,96.26799774169922,95.62999725341797,104.97200012207031,107.58399963378906,103.69999694824219,102.697998046875,108683500,326.2381591796875,32.0,Buy,0
2020-01-17,96.26799774169922,95.62999725341797,104.97200012207031,107.58399963378906,103.69999694824219,102.697998046875,102.0999984741211,68145500,327.2536315917969,32.0,Underweight,1
2020-01-21,95.62999725341797,104.97200012207031,107.58399963378906,103.69999694824219,102.697998046875,102.0999984741211,109.44000244140625,89017500,326.61279296875,26.0,Underweight,1
2020-01-22,104.97200012207031,107.58399963378906,103.69999694824219,102.697998046875,102.0999984741211,109.44000244140625,113.91200256347656,156845000,326.6522216796875,26.0,Buy,1
2020-01-23,107.58399963378906,103.69999694824219,102.697998046875,102.0999984741211,109.44000244140625,113.91200256347656,114.44000244140625,98255000,327.02685546875,26.0,Neutral,0
2020-01-24,103.69999694824219,102.697998046875,102.0999984741211,109.44000244140625,113.91200256347656,114.44000244140625,112.96399688720703,71768000,324.1185607910156,26.0,Neutral,0
2020-01-27,102.697998046875,102.0999984741211,109.44000244140625,113.91200256347656,114.44000244140625,112.96399688720703,111.60399627685547,68040500,318.92315673828125,40.0,Neutral,1
2020-01-28,102.0999984741211,109.44000244140625,113.91200256347656,114.44000244140625,112.96399688720703,111.60399627685547,113.37999725341797,58942500,322.26519775390625,40.0,Neutral,1
2020-01-29,109.44000244140625,113.91200256347656,114.44000244140625,112.96399688720703,111.60399627685547,113.37999725341797,116.197998046875,89007500,321.9989929199219,40.0,Neutral,1
2020-01-30,113.91200256347656,114.44000244140625,112.96399688720703,111.60399627685547,113.37999725341797,116.197998046875,128.16200256347656,145028500,323.04400634765625,40.0,Underperform,1
2020-01-31,114.44000244140625,112.96399688720703,111.60399627685547,113.37999725341797,116.197998046875,128.16200256347656,130.11399841308594,78596500,317.1781921386719,40.0,Outperform,1
2020-02-03,112.96399688720703,111.60399627685547,113.37999725341797,116.197998046875,128.16200256347656,130.11399841308594,156.0,236167500,319.5343933105469,96.0,Outperform,1
2020-02-04,111.60399627685547,113.37999725341797,116.197998046875,128.16200256347656,130.11399841308594,156.0,177.41200256347656,304694000,324.4044494628906,96.0,Buy,0
2020-02-05,113.37999725341797,116.197998046875,128.16200256347656,130.11399841308594,156.0,177.41200256347656,146.94000244140625,242119000,328.15069580078125,96.0,Neutral,1
2020-02-06,116.197998046875,128.16200256347656,130.11399841308594,156.0,177.41200256347656,146.94000244140625,149.79200744628906,199404000,329.2548828125,96.0,Hold,0
2020-02-07,128.16200256347656,130.11399841308594,156.0,177.41200256347656,146.94000244140625,149.79200744628906,149.61399841308594,85317500,327.50006103515625,96.0,Hold,1
2020-02-10,130.11399841308594,156.0,177.41200256347656,146.94000244140625,149.79200744628906,149.61399841308594,154.25599670410156,123446000,329.9449768066406,42.0,Hold,1
2020-02-11,156.0,177.41200256347656,146.94000244140625,149.79200744628906,149.61399841308594,154.25599670410156,154.87600708007812,58487500,330.5167541503906,42.0,Hold,0
2020-02-12,177.41200256347656,146.94000244140625,149.79200744628906,149.61399841308594,154.25599670410156,154.87600708007812,153.45799255371094,60112500,332.6462097167969,42.0,Hold,1
2020-02-13,146.94000244140625,149.79200744628906,149.61399841308594,154.25599670410156,154.87600708007812,153.45799255371094,160.8000030517578,131446500,332.2912902832031,42.0,Hold,0
2020-02-14,149.79200744628906,149.61399841308594,154.25599670410156,154.87600708007812,153.45799255371094,160.8000030517578,160.00599670410156,78468500,332.82366943359375,42.0,Hold,1
2020-02-18,149.61399841308594,154.25599670410156,154.87600708007812,153.45799255371094,160.8000030517578,160.00599670410156,171.67999267578125,81908500,331.9659729003906,37.0,Hold,1
2020-02-19,154.25599670410156,154.87600708007812,153.45799255371094,160.8000030517578,160.00599670410156,171.67999267578125,183.48399353027344,127115000,333.55316162109375,37.0,Underperform,0
2020-02-20,154.87600708007812,153.45799255371094,160.8000030517578,160.00599670410156,171.67999267578125,183.48399353027344,179.8820037841797,88174500,332.1828918457031,37.0,Underperform,1
2020-02-21,153.45799255371094,160.8000030517578,160.00599670410156,171.67999267578125,183.48399353027344,179.8820037841797,180.1999969482422,71574000,328.761962890625,37.0,Underperform,0
2020-02-24,160.8000030517578,160.00599670410156,171.67999267578125,183.48399353027344,179.8820037841797,180.1999969482422,166.75799560546875,75961000,317.8584289550781,42.0,Underperform,0
2020-02-25,160.00599670410156,171.67999267578125,183.48399353027344,179.8820037841797,180.1999969482422,166.75799560546875,159.98199462890625,86452500,308.22662353515625,42.0,Underperform,0
2020-02-26,171.67999267578125,183.48399353027344,179.8820037841797,180.1999969482422,166.75799560546875,159.98199462890625,155.75999450683594,70427500,307.0929260253906,42.0,Hold,0
2020-02-27,183.48399353027344,179.8820037841797,180.1999969482422,166.75799560546875,159.98199462890625,155.75999450683594,135.8000030517578,121386000,293.3008728027344,42.0,Hold,0
2020-02-28,179.8820037841797,180.1999969482422,166.75799560546875,159.98199462890625,155.75999450683594,135.8000030517578,133.59800720214844,122821000,292.06854248046875,42.0,Hold,1
2020-03-02,180.1999969482422,166.75799560546875,159.98199462890625,155.75999450683594,135.8000030517578,133.59800720214844,148.7239990234375,100975000,304.71697998046875,33.0,Hold,1
2020-03-03,166.75799560546875,159.98199462890625,155.75999450683594,135.8000030517578,133.59800720214844,148.7239990234375,149.1020050048828,128920000,295.9922180175781,33.0,Hold,1
2020-03-04,159.98199462890625,155.75999450683594,135.8000030517578,133.59800720214844,148.7239990234375,149.1020050048828,149.89999389648438,75245000,308.43365478515625,33.0,Market Outperform,0
2020-03-05,155.75999450683594,135.8000030517578,133.59800720214844,148.7239990234375,149.1020050048828,149.89999389648438,144.9080047607422,54263500,298.1808166503906,33.0,Market Outperform,0
2020-03-06,135.8000030517578,133.59800720214844,148.7239990234375,149.1020050048828,149.89999389648438,144.9080047607422,140.6959991455078,63314500,293.2515563964844,33.0,Market Outperform,0
2020-03-09,133.59800720214844,148.7239990234375,149.1020050048828,149.89999389648438,144.9080047607422,140.6959991455078,121.5999984741211,85368500,270.3502197265625,37.0,Market Outperform,1
2020-03-10,148.7239990234375,149.1020050048828,149.89999389648438,144.9080047607422,140.6959991455078,121.5999984741211,129.0659942626953,77972000,284.3394775390625,37.0,Market Outperform,0
2020-03-11,149.1020050048828,149.89999389648438,144.9080047607422,140.6959991455078,121.5999984741211,129.0659942626953,126.84600067138672,66612500,270.4783935546875,37.0,Market Outperform,0
2020-03-12,149.89999389648438,144.9080047607422,140.6959991455078,121.5999984741211,129.0659942626953,126.84600067138672,112.11000061035156,94545500,244.59976196289062,37.0,Market Outperform,0
2020-03-13,144.9080047607422,140.6959991455078,121.5999984741211,129.0659942626953,126.84600067138672,112.11000061035156,109.3239974975586,113201500,265.5096740722656,37.0,Underweight,0
2020-03-16,140.6959991455078,121.5999984741211,129.0659942626953,126.84600067138672,112.11000061035156,109.3239974975586,89.01399993896484,102447500,236.45663452148438,40.0,Underweight,0
2020-03-17,121.5999984741211,129.0659942626953,126.84600067138672,112.11000061035156,109.3239974975586,89.01399993896484,86.04000091552734,119973000,249.22340393066406,40.0,Underweight,0
2020-03-18,129.0659942626953,126.84600067138672,112.11000061035156,109.3239974975586,89.01399993896484,86.04000091552734,72.24400329589844,118931000,236.6044921875,40.0,Underweight,1
2020-03-19,126.84600067138672,112.11000061035156,109.3239974975586,89.01399993896484,86.04000091552734,72.24400329589844,85.52799987792969,150977500,237.10726928710938,40.0,Neutral,0
2020-03-20,112.11000061035156,109.3239974975586,89.01399993896484,86.04000091552734,72.24400329589844,85.52799987792969,85.50599670410156,141427500,226.8893280029297,40.0,Hold,1
2020-03-23,109.3239974975586,89.01399993896484,86.04000091552734,72.24400329589844,85.52799987792969,85.50599670410156,86.85800170898438,82272500,221.0881805419922,28.0,Hold,1
2020-03-24,89.01399993896484,86.04000091552734,72.24400329589844,85.52799987792969,85.50599670410156,86.85800170898438,101.0,114476000,241.11949157714844,28.0,Hold,1
2020-03-25,86.04000091552734,72.24400329589844,85.52799987792969,85.50599670410156,86.85800170898438,101.0,107.8499984741211,106113500,244.72909545898438,28.0,Equal-Weight,0
2020-03-26,72.24400329589844,85.52799987792969,85.50599670410156,86.85800170898438,101.0,107.8499984741211,105.63200378417969,86903500,259.0187683105469,28.0,Equal-Weight,0
2020-03-27,85.52799987792969,85.50599670410156,86.85800170898438,101.0,107.8499984741211,105.63200378417969,102.87200164794922,71887000,251.30372619628906,28.0,Equal-Weight,0
2020-03-30,85.50599670410156,86.85800170898438,101.0,107.8499984741211,105.63200378417969,102.87200164794922,100.4260025024414,59990500,259.4649963378906,24.0,Overweight,1
2020-03-31,86.85800170898438,101.0,107.8499984741211,105.63200378417969,102.87200164794922,100.4260025024414,104.80000305175781,88857500,255.5975799560547,24.0,Overweight,0
2020-04-01,101.0,107.8499984741211,105.63200378417969,102.87200164794922,100.4260025024414,104.80000305175781,96.31199645996094,66766000,244.0944366455078,24.0,Overweight,0
2020-04-02,107.8499984741211,105.63200378417969,102.87200164794922,100.4260025024414,104.80000305175781,96.31199645996094,90.89399719238281,99292000,249.72702026367188,24.0,Overweight,1
2020-04-03,105.63200378417969,102.87200164794922,100.4260025024414,104.80000305175781,96.31199645996094,90.89399719238281,96.00199890136719,22562100,246.11741638183594,24.0,Overweight,1
2020-04-06,102.87200164794922,100.4260025024414,104.80000305175781,96.31199645996094,90.89399719238281,96.00199890136719,103.24800109863281,14901800,262.648193359375,19.0,Overweight,1
2020-04-07,100.4260025024414,104.80000305175781,96.31199645996094,90.89399719238281,96.00199890136719,103.24800109863281,109.08999633789062,17919800,262.91595458984375,19.0,Buy,1
2020-04-08,104.80000305175781,96.31199645996094,90.89399719238281,96.00199890136719,103.24800109863281,109.08999633789062,109.76799774169922,12656000,271.7416076660156,19.0,Buy,1
2020-04-09,96.31199645996094,90.89399719238281,96.00199890136719,103.24800109863281,109.08999633789062,109.76799774169922,114.5999984741211,13650000,275.8768005371094,19.0,Buy,1
2020-04-13,90.89399719238281,96.00199890136719,103.24800109863281,109.08999633789062,109.76799774169922,114.5999984741211,130.19000244140625,22475400,273.3580017089844,31.0,Buy,1
2020-04-14,96.00199890136719,103.24800109863281,109.08999633789062,109.76799774169922,114.5999984741211,130.19000244140625,141.97799682617188,30576500,281.4201354980469,31.0,Buy,1
2020-04-15,103.24800109863281,109.08999633789062,109.76799774169922,114.5999984741211,130.19000244140625,141.97799682617188,145.96600341796875,23577000,275.44049072265625,31.0,Neutral,1
2020-04-16,109.08999633789062,109.76799774169922,114.5999984741211,130.19000244140625,141.97799682617188,145.96600341796875,149.04200744628906,20657900,276.769287109375,31.0,Buy,1
2020-04-17,109.76799774169922,114.5999984741211,130.19000244140625,141.97799682617188,145.96600341796875,149.04200744628906,150.7779998779297,13128200,284.2463073730469,31.0,Buy,0
2020-04-20,114.5999984741211,130.19000244140625,141.97799682617188,145.96600341796875,149.04200744628906,150.7779998779297,149.27200317382812,14746600,279.23846435546875,21.0,Buy,0
2020-04-21,130.19000244140625,141.97799682617188,145.96600341796875,149.04200744628906,150.7779998779297,149.27200317382812,137.343994140625,20209100,270.7598876953125,21.0,Buy,1
2020-04-22,141.97799682617188,145.96600341796875,149.04200744628906,150.7779998779297,149.27200317382812,137.343994140625,146.4219970703125,14224800,276.769287109375,21.0,Buy,0
2020-04-23,145.96600341796875,149.04200744628906,150.7779998779297,149.27200317382812,137.343994140625,146.4219970703125,141.12600708007812,13236700,276.7494201660156,21.0,Underperform,1
2020-04-24,149.04200744628906,150.7779998779297,149.27200317382812,137.343994140625,146.4219970703125,141.12600708007812,145.02999877929688,13237600,280.6069641113281,21.0,Underperform,1
2020-04-27,150.7779998779297,149.27200317382812,137.343994140625,146.4219970703125,141.12600708007812,145.02999877929688,159.75,20681400,284.65289306640625,40.0,Underperform,0
2020-04-28,149.27200317382812,137.343994140625,146.4219970703125,141.12600708007812,145.02999877929688,159.75,153.82400512695312,15222000,283.3439025878906,40.0,Underperform,1
2020-04-29,137.343994140625,146.4219970703125,141.12600708007812,145.02999877929688,159.75,153.82400512695312,160.1020050048828,16216000,290.7614440917969,40.0,Underperform,0
2020-04-30,146.4219970703125,141.12600708007812,145.02999877929688,159.75,153.82400512695312,160.1020050048828,156.37600708007812,28471900,288.05426025390625,40.0,Underperform,0
2020-05-01,141.12600708007812,145.02999877929688,159.75,153.82400512695312,160.1020050048828,156.37600708007812,140.26400756835938,32531800,280.428466796875,40.0,Outperform,1
2020-05-04,145.02999877929688,159.75,153.82400512695312,160.1020050048828,156.37600708007812,140.26400756835938,152.23800659179688,19237100,281.20196533203125,26.0,Outperform,1
2020-05-05,159.75,153.82400512695312,160.1020050048828,156.37600708007812,140.26400756835938,152.23800659179688,153.64199829101562,16991700,283.8000793457031,26.0,Equal-Weight,1
2020-05-06,153.82400512695312,160.1020050048828,156.37600708007812,140.26400756835938,152.23800659179688,153.64199829101562,156.51600646972656,11089400,281.87628173828125,26.0,Equal-Weight,0
2020-05-07,160.1020050048828,156.37600708007812,140.26400756835938,152.23800659179688,153.64199829101562,156.51600646972656,156.00799560546875,57638500,285.2776184082031,26.0,Equal-Weight,1
2020-05-08,156.37600708007812,140.26400756835938,152.23800659179688,153.64199829101562,156.51600646972656,156.00799560546875,163.88400268554688,80650500,289.9978942871094,26.0,Equal-Weight,0
2020-05-11,140.26400756835938,152.23800659179688,153.64199829101562,156.51600646972656,156.00799560546875,163.88400268554688,162.25799560546875,82598000,290.057373046875,23.0,Equal-Weight,0
2020-05-12,152.23800659179688,153.64199829101562,156.51600646972656,156.00799560546875,163.88400268554688,162.25799560546875,161.8820037841797,79534500,284.2760925292969,23.0,Equal-Weight,0
2020-05-13,153.64199829101562,156.51600646972656,156.00799560546875,163.88400268554688,162.25799560546875,161.8820037841797,158.19200134277344,95327500,279.2484130859375,23.0,Equal-Weight,1
2020-05-14,156.51600646972656,156.00799560546875,163.88400268554688,162.25799560546875,161.8820037841797,158.19200134277344,160.66600036621094,68411000,282.59027099609375,23.0,Equal-Weight,0
2020-05-15,156.00799560546875,163.88400268554688,162.25799560546875,161.8820037841797,158.19200134277344,160.66600036621094,159.83399963378906,52592000,283.88934326171875,23.0,Equal-Weight,1
2020-05-18,163.88400268554688,162.25799560546875,161.8820037841797,158.19200134277344,160.66600036621094,159.83399963378906,162.7259979248047,58490500,292.5364990234375,16.0,Equal-Weight,0
2020-05-19,162.25799560546875,161.8820037841797,158.19200134277344,160.66600036621094,159.83399963378906,162.7259979248047,161.6020050048828,48182500,289.53179931640625,16.0,Equal-Weight,1
2020-05-20,161.8820037841797,158.19200134277344,160.66600036621094,159.83399963378906,162.7259979248047,161.6020050048828,163.11199951171875,36546500,294.45037841796875,16.0,Market Outperform,1
2020-05-21,158.19200134277344,160.66600036621094,159.83399963378906,162.7259979248047,161.6020050048828,163.11199951171875,165.52000427246094,61273000,292.4175109863281,16.0,Market Outperform,0
2020-05-22,160.66600036621094,159.83399963378906,162.7259979248047,161.6020050048828,163.11199951171875,165.52000427246094,163.37600708007812,49937500,292.97283935546875,16.0,Market Outperform,1
2020-05-26,159.83399963378906,162.7259979248047,161.6020050048828,163.11199951171875,165.52000427246094,163.37600708007812,163.7740020751953,40448500,296.5823974609375,15.0,Market Outperform,1
2020-05-27,162.7259979248047,161.6020050048828,163.11199951171875,165.52000427246094,163.37600708007812,163.7740020751953,164.04600524902344,57747500,300.9952697753906,15.0,Market Outperform,0
2020-05-28,161.6020050048828,163.11199951171875,165.52000427246094,163.37600708007812,163.7740020751953,164.04600524902344,161.16200256347656,36278000,300.43994140625,15.0,Neutral,1
2020-05-29,163.11199951171875,165.52000427246094,163.37600708007812,163.7740020751953,164.04600524902344,161.16200256347656,167.0,59062500,301.7786865234375,15.0,Neutral,1
2020-06-01,165.52000427246094,163.37600708007812,163.7740020751953,164.04600524902344,161.16200256347656,167.0,179.6199951171875,74697500,302.9983825683594,21.0,Outperform,0
2020-06-02,163.37600708007812,163.7740020751953,164.04600524902344,161.16200256347656,167.0,179.6199951171875,176.31199645996094,67828000,305.5072326660156,21.0,Outperform,1
2020-06-03,163.7740020751953,164.04600524902344,161.16200256347656,167.0,179.6199951171875,176.31199645996094,176.5919952392578,39747500,309.5730285644531,21.0,Outperform,0
2020-06-04,164.04600524902344,161.16200256347656,167.0,179.6199951171875,176.31199645996094,176.5919952392578,172.87600708007812,44438500,308.7598571777344,21.0,Outperform,1
2020-06-05,161.16200256347656,167.0,179.6199951171875,176.31199645996094,176.5919952392578,172.87600708007812,177.1320037841797,39059500,316.6732177734375,21.0,Outperform,1
2020-06-08,167.0,179.6199951171875,176.31199645996094,176.5919952392578,172.87600708007812,177.1320037841797,189.98399353027344,70873500,320.5010070800781,30.0,Outperform,0
2020-06-09,179.6199951171875,176.31199645996094,176.5919952392578,172.87600708007812,177.1320037841797,189.98399353027344,188.13400268554688,56941000,318.11114501953125,30.0,Outperform,1
2020-06-10,176.31199645996094,176.5919952392578,172.87600708007812,177.1320037841797,189.98399353027344,188.13400268554688,205.00999450683594,92817000,316.3360900878906,30.0,Outperform,0
2020-06-11,176.5919952392578,172.87600708007812,177.1320037841797,189.98399353027344,188.13400268554688,205.00999450683594,194.5679931640625,79582500,298.0996398925781,30.0,Neutral,0
2020-06-12,172.87600708007812,177.1320037841797,189.98399353027344,188.13400268554688,205.00999450683594,194.5679931640625,187.05599975585938,83817000,301.6695861816406,30.0,Neutral,1
2020-06-15,177.1320037841797,189.98399353027344,188.13400268554688,205.00999450683594,194.5679931640625,187.05599975585938,198.17999267578125,78486000,304.4858703613281,22.0,Neutral,0
2020-06-16,189.98399353027344,188.13400268554688,205.00999450683594,194.5679931640625,187.05599975585938,198.17999267578125,196.42599487304688,70255500,310.3465270996094,22.0,Neutral,1
2020-06-17,188.13400268554688,205.00999450683594,194.5679931640625,187.05599975585938,198.17999267578125,196.42599487304688,198.35800170898438,49454000,309.057373046875,22.0,Neutral,1
2020-06-18,205.00999450683594,194.5679931640625,187.05599975585938,198.17999267578125,196.42599487304688,198.35800170898438,200.79200744628906,48759500,309.1763610839844,22.0,Neutral,0
2020-06-19,194.5679931640625,187.05599975585938,198.17999267578125,196.42599487304688,198.35800170898438,200.79200744628906,200.17999267578125,43398500,307.4094543457031,22.0,Neutral,0
2020-06-22,187.05599975585938,198.17999267578125,196.42599487304688,198.35800170898438,200.79200744628906,200.17999267578125,198.86399841308594,31812000,309.3815612792969,18.0,Neutral,1
2020-06-23,198.17999267578125,196.42599487304688,198.35800170898438,200.79200744628906,200.17999267578125,198.86399841308594,200.3560028076172,31826500,310.80584716796875,18.0,Neutral,0
2020-06-24,196.42599487304688,198.35800170898438,200.79200744628906,200.17999267578125,198.86399841308594,200.3560028076172,192.1699981689453,54798000,302.8775939941406,18.0,Neutral,1
2020-06-25,198.35800170898438,200.79200744628906,200.17999267578125,198.86399841308594,200.3560028076172,192.1699981689453,197.1959991455078,46272500,306.1246032714844,18.0,Neutral,0
2020-06-26,200.79200744628906,200.17999267578125,198.86399841308594,200.3560028076172,192.1699981689453,197.1959991455078,191.947998046875,44274500,298.85369873046875,18.0,Neutral,1
2020-06-29,200.17999267578125,198.86399841308594,200.3560028076172,192.1699981689453,197.1959991455078,191.947998046875,201.8699951171875,45132000,303.24609375,27.0,Neutral,1
2020-06-30,198.86399841308594,200.3560028076172,192.1699981689453,197.1959991455078,191.947998046875,201.8699951171875,215.96200561523438,84592500,307.13055419921875,27.0,Neutral,1
2020-07-01,200.3560028076172,192.1699981689453,197.1959991455078,191.947998046875,201.8699951171875,215.96200561523438,223.92599487304688,66634500,309.2819519042969,27.0,Neutral,1
2020-07-02,192.1699981689453,197.1959991455078,191.947998046875,201.8699951171875,215.96200561523438,223.92599487304688,241.73199462890625,86250500,310.9851379394531,27.0,Neutral,1
2020-07-06,197.1959991455078,191.947998046875,201.8699951171875,215.96200561523438,223.92599487304688,241.73199462890625,274.3160095214844,102849500,315.7859191894531,47.0,Neutral,1
2020-07-07,191.947998046875,201.8699951171875,215.96200561523438,223.92599487304688,241.73199462890625,274.3160095214844,277.97198486328125,107448500,312.5289611816406,47.0,Underweight,0
2020-07-08,201.8699951171875,215.96200561523438,223.92599487304688,241.73199462890625,274.3160095214844,277.97198486328125,273.1759948730469,81556500,314.91937255859375,47.0,Underweight,1
2020-07-09,215.96200561523438,223.92599487304688,241.73199462890625,274.3160095214844,277.97198486328125,273.1759948730469,278.8559875488281,58588000,313.1265563964844,47.0,Underweight,1
2020-07-10,223.92599487304688,241.73199462890625,274.3160095214844,277.97198486328125,273.1759948730469,278.8559875488281,308.92999267578125,116688000,316.3237609863281,47.0,Underweight,0
2020-07-13,241.73199462890625,274.3160095214844,277.97198486328125,273.1759948730469,278.8559875488281,308.92999267578125,299.4119873046875,194927000,313.584716796875,56.0,Underweight,1
2020-07-14,274.3160095214844,277.97198486328125,273.1759948730469,278.8559875488281,308.92999267578125,299.4119873046875,303.3599853515625,117090500,317.6484680175781,56.0,Neutral,1
2020-07-15,277.97198486328125,273.1759948730469,278.8559875488281,308.92999267578125,299.4119873046875,303.3599853515625,309.2019958496094,81839000,320.5667724609375,56.0,Overweight,0
2020-07-16,273.1759948730469,278.8559875488281,308.92999267578125,299.4119873046875,303.3599853515625,309.2019958496094,300.12799072265625,71504000,319.5110168457031,56.0,Overweight,1
2020-07-17,278.8559875488281,308.92999267578125,299.4119873046875,303.3599853515625,309.2019958496094,300.12799072265625,300.1679992675781,46650000,320.4372863769531,56.0,Overweight,1
2020-07-20,308.92999267578125,299.4119873046875,303.3599853515625,309.2019958496094,300.12799072265625,300.1679992675781,328.6000061035156,85607000,323.0269470214844,62.0,Overweight,0
2020-07-21,299.4119873046875,303.3599853515625,309.2019958496094,300.12799072265625,300.1679992675781,328.6000061035156,313.6719970703125,80786500,323.7142028808594,62.0,Overweight,1
2020-07-22,303.3599853515625,309.2019958496094,300.12799072265625,300.1679992675781,328.6000061035156,313.6719970703125,318.46600341796875,70805500,325.5567932128906,62.0,Market Perform,0
2020-07-23,309.2019958496094,300.12799072265625,300.1679992675781,328.6000061035156,313.6719970703125,318.46600341796875,302.614013671875,121642500,321.6723327636719,62.0,Underperform,0
2020-07-24,300.12799072265625,300.1679992675781,328.6000061035156,313.6719970703125,318.46600341796875,302.614013671875,283.3999938964844,96983000,319.60064697265625,62.0,Outperform,1
2020-07-27,300.1679992675781,328.6000061035156,313.6719970703125,318.46600341796875,302.614013671875,283.3999938964844,307.9200134277344,80243500,321.9313049316406,33.0,Buy,0
2020-07-28,328.6000061035156,313.6719970703125,318.46600341796875,302.614013671875,283.3999938964844,307.9200134277344,295.2980041503906,79043500,319.8894958496094,33.0,Buy,1
2020-07-29,313.6719970703125,318.46600341796875,302.614013671875,283.3999938964844,307.9200134277344,295.2980041503906,299.8219909667969,47134500,323.82373046875,33.0,Underperform,0
2020-07-30,318.46600341796875,302.614013671875,283.3999938964844,307.9200134277344,295.2980041503906,299.8219909667969,297.49798583984375,38105000,322.6683654785156,33.0,Underweight,0
2020-07-31,302.614013671875,283.3999938964844,307.9200134277344,295.2980041503906,299.8219909667969,297.49798583984375,286.1520080566406,61235000,325.2181396484375,33.0,Underweight,1
2020-08-03,283.3999938964844,307.9200134277344,295.2980041503906,299.8219909667969,297.49798583984375,286.1520080566406,297.0,44046500,327.4791259765625,23.0,Underweight,1
2020-08-04,307.9200134277344,295.2980041503906,299.8219909667969,297.49798583984375,286.1520080566406,297.0,297.3999938964844,42075000,328.7440490722656,23.0,Underweight,0
2020-08-05,295.2980041503906,299.8219909667969,297.49798583984375,286.1520080566406,297.0,297.3999938964844,297.0039978027344,24890000,330.7858581542969,23.0,Sell,1
2020-08-06,299.8219909667969,297.49798583984375,286.1520080566406,297.0,297.3999938964844,297.0039978027344,297.9159851074219,29961500,332.99700927734375,23.0,Sell,0
2020-08-07,297.49798583984375,286.1520080566406,297.0,297.3999938964844,297.0039978027344,297.9159851074219,290.5419921875,44482000,333.236083984375,23.0,Sell,0
2020-08-10,286.1520080566406,297.0,297.3999938964844,297.0039978027344,297.9159851074219,290.5419921875,283.7139892578125,37611500,334.2320861816406,39.0,Sell,0
2020-08-11,297.0,297.3999938964844,297.0039978027344,297.9159851074219,290.5419921875,283.7139892578125,274.87799072265625,43129000,331.4731140136719,39.0,Sell,1
2020-08-12,297.3999938964844,297.0039978027344,297.9159851074219,290.5419921875,283.7139892578125,274.87799072265625,310.9519958496094,109494000,336.0946350097656,39.0,Sell,1
2020-08-13,297.0039978027344,297.9159851074219,290.5419921875,283.7139892578125,274.87799072265625,310.9519958496094,324.20001220703125,102126500,335.4870300292969,39.0,Sell,1
2020-08-14,297.9159851074219,290.5419921875,283.7139892578125,274.87799072265625,310.9519958496094,324.20001220703125,330.1419982910156,62888000,335.49700927734375,39.0,Sell,1
2020-08-17,290.5419921875,283.7139892578125,274.87799072265625,310.9519958496094,324.20001220703125,330.1419982910156,367.12799072265625,101211500,336.562744140625,57.0,Neutral,1
2020-08-18,283.7139892578125,274.87799072265625,310.9519958496094,324.20001220703125,330.1419982910156,367.12799072265625,377.4179992675781,82372500,337.28985595703125,57.0,Neutral,0
2020-08-19,274.87799072265625,310.9519958496094,324.20001220703125,330.1419982910156,367.12799072265625,377.4179992675781,375.70599365234375,61026500,335.8854675292969,57.0,Neutral,1
2020-08-20,310.9519958496094,324.20001220703125,330.1419982910156,367.12799072265625,377.4179992675781,375.70599365234375,400.3659973144531,103059000,336.9312744140625,57.0,Neutral,1
2020-08-21,324.20001220703125,330.1419982910156,367.12799072265625,377.4179992675781,375.70599365234375,400.3659973144531,409.9960021972656,107448000,338.1264953613281,57.0,Neutral,0
2020-08-24,330.1419982910156,367.12799072265625,377.4179992675781,375.70599365234375,400.3659973144531,409.9960021972656,402.8399963378906,100318000,341.55279541015625,52.0,Neutral,1
2020-08-25,367.12799072265625,377.4179992675781,375.70599365234375,400.3659973144531,409.9960021972656,402.8399963378906,404.6679992675781,53294500,342.74798583984375,52.0,Neutral,1
2020-08-26,377.4179992675781,375.70599365234375,400.3659973144531,409.9960021972656,402.8399963378906,404.6679992675781,430.6340026855469,71197000,346.1842346191406,52.0,Neutral,1
2020-08-27,375.70599365234375,400.3659973144531,409.9960021972656,402.8399963378906,404.6679992675781,430.6340026855469,447.75,118465000,346.9411926269531,52.0,Buy,0
2020-08-28,400.3659973144531,409.9960021972656,402.8399963378906,404.6679992675781,430.6340026855469,447.75,442.67999267578125,100406000,349.1822204589844,52.0,Buy,1
2020-08-31,409.9960021972656,402.8399963378906,404.6679992675781,430.6340026855469,447.75,442.67999267578125,498.32000732421875,118374400,347.91729736328125,100.0,Buy,0
2020-09-01,402.8399963378906,404.6679992675781,430.6340026855469,447.75,442.67999267578125,498.32000732421875,475.04998779296875,90119400,351.1941833496094,100.0,Buy,0
2020-09-02,404.6679992675781,430.6340026855469,447.75,442.67999267578125,498.32000732421875,475.04998779296875,447.3699951171875,96176100,356.27386474609375,100.0,Underperform,0
2020-09-03,430.6340026855469,447.75,442.67999267578125,498.32000732421875,475.04998779296875,447.3699951171875,407.0,87596100,344.012939453125,100.0,Neutral,1
2020-09-04,447.75,442.67999267578125,498.32000732421875,475.04998779296875,447.3699951171875,407.0,418.32000732421875,110321900,341.20416259765625,100.0,Neutral,0
2020-09-08,442.67999267578125,498.32000732421875,475.04998779296875,447.3699951171875,407.0,418.32000732421875,330.2099914550781,115465700,331.8814697265625,71.0,Outperform,1
2020-09-09,498.32000732421875,475.04998779296875,447.3699951171875,407.0,418.32000732421875,330.2099914550781,366.2799987792969,79465800,338.4352722167969,71.0,Outperform,1
2020-09-10,475.04998779296875,447.3699951171875,407.0,418.32000732421875,330.2099914550781,366.2799987792969,371.3399963378906,84930600,332.55877685546875,71.0,Outperform,1
2020-09-11,447.3699951171875,407.0,418.32000732421875,330.2099914550781,366.2799987792969,371.3399963378906,372.7200012207031,60717500,332.72808837890625,71.0,Outperform,1
2020-09-14,407.0,418.32000732421875,330.2099914550781,366.2799987792969,371.3399963378906,372.7200012207031,419.6199951171875,83020600,337.11053466796875,56.0,Neutral,1
2020-09-15,418.32000732421875,330.2099914550781,366.2799987792969,371.3399963378906,372.7200012207031,419.6199951171875,449.760009765625,97298200,338.8137512207031,56.0,Neutral,0
2020-09-16,330.2099914550781,366.2799987792969,371.3399963378906,372.7200012207031,419.6199951171875,449.760009765625,441.760009765625,72279300,337.4691162109375,56.0,Neutral,0
2020-09-17,366.2799987792969,371.3399963378906,372.7200012207031,419.6199951171875,449.760009765625,441.760009765625,423.42999267578125,76779200,334.5010070800781,56.0,Hold,1
2020-09-18,371.3399963378906,372.7200012207031,419.6199951171875,449.760009765625,441.760009765625,423.42999267578125,442.1499938964844,86406800,330.6499938964844,56.0,Hold,1
2020-09-21,372.7200012207031,419.6199951171875,449.760009765625,441.760009765625,423.42999267578125,442.1499938964844,449.3900146484375,109476800,326.9700012207031,72.0,Neutral,0
2020-09-22,419.6199951171875,449.760009765625,441.760009765625,423.42999267578125,442.1499938964844,449.3900146484375,424.2300109863281,79580800,330.29998779296875,72.0,Neutral,0
2020-09-23,449.760009765625,441.760009765625,423.42999267578125,442.1499938964844,449.3900146484375,424.2300109863281,380.3599853515625,95074200,322.6400146484375,72.0,Neutral,1
2020-09-24,441.760009765625,423.42999267578125,442.1499938964844,449.3900146484375,424.2300109863281,380.3599853515625,387.7900085449219,96561100,323.5,72.0,Neutral,1
2020-09-25,423.42999267578125,442.1499938964844,449.3900146484375,424.2300109863281,380.3599853515625,387.7900085449219,407.3399963378906,67208500,328.7300109863281,72.0,Neutral,1
2020-09-28,442.1499938964844,449.3900146484375,424.2300109863281,380.3599853515625,387.7900085449219,407.3399963378906,421.20001220703125,49719600,334.19000244140625,40.0,Neutral,0
2020-09-29,449.3900146484375,424.2300109863281,380.3599853515625,387.7900085449219,407.3399963378906,421.20001220703125,419.07000732421875,50219300,332.3699951171875,40.0,Neutral,1
2020-09-30,424.2300109863281,380.3599853515625,387.7900085449219,407.3399963378906,421.20001220703125,419.07000732421875,429.010009765625,48145600,334.8900146484375,40.0,Neutral,1
2020-10-01,380.3599853515625,387.7900085449219,407.3399963378906,421.20001220703125,419.07000732421875,429.010009765625,448.1600036621094,50741500,337.0400085449219,40.0,Neutral,0
2020-10-02,387.7900085449219,407.3399963378906,421.20001220703125,419.07000732421875,429.010009765625,448.1600036621094,415.0899963378906,71430000,333.8399963378906,40.0,Neutral,1
2020-10-05,407.3399963378906,421.20001220703125,419.07000732421875,429.010009765625,448.1600036621094,415.0899963378906,425.67999267578125,44722800,339.760009765625,33.0,Neutral,0
2020-10-06,421.20001220703125,419.07000732421875,429.010009765625,448.1600036621094,415.0899963378906,425.67999267578125,413.9800109863281,49146300,334.92999267578125,33.0,Neutral,1
2020-10-07,419.07000732421875,429.010009765625,448.1600036621094,415.0899963378906,425.67999267578125,413.9800109863281,425.29998779296875,43127700,340.760009765625,33.0,Neutral,1
2020-10-08,429.010009765625,448.1600036621094,415.0899963378906,425.67999267578125,413.9800109863281,425.29998779296875,425.9200134277344,40421100,343.7799987792969,33.0,Neutral,1
2020-10-09,448.1600036621094,415.0899963378906,425.67999267578125,413.9800109863281,425.29998779296875,425.9200134277344,434.0,28925700,346.8500061035156,33.0,Buy,1
2020-10-12,415.0899963378906,425.67999267578125,413.9800109863281,425.29998779296875,425.9200134277344,434.0,442.29998779296875,38791100,352.42999267578125,31.0,Buy,1
2020-10-13,425.67999267578125,413.9800109863281,425.29998779296875,425.9200134277344,434.0,442.29998779296875,446.6499938964844,34463700,350.1300048828125,31.0,Buy,1
2020-10-14,413.9800109863281,425.29998779296875,425.9200134277344,434.0,442.29998779296875,446.6499938964844,461.29998779296875,48045400,347.92999267578125,31.0,Sell,0
2020-10-15,425.29998779296875,425.9200134277344,434.0,442.29998779296875,446.6499938964844,461.29998779296875,448.8800048828125,35672400,347.5,31.0,Neutral,0
2020-10-16,425.9200134277344,434.0,442.29998779296875,446.6499938964844,461.29998779296875,448.8800048828125,439.6700134277344,32775900,347.2900085449219,31.0,Neutral,0
2020-10-19,434.0,442.29998779296875,446.6499938964844,461.29998779296875,448.8800048828125,439.6700134277344,430.8299865722656,36287800,342.010009765625,39.0,Equal-Weight,0
2020-10-20,442.29998779296875,446.6499938964844,461.29998779296875,448.8800048828125,439.6700134277344,430.8299865722656,421.94000244140625,31656300,343.3800048828125,39.0,Neutral,1
2020-10-21,446.6499938964844,461.29998779296875,448.8800048828125,439.6700134277344,430.8299865722656,421.94000244140625,422.6400146484375,32370500,342.7300109863281,39.0,Neutral,1
2020-10-22,461.29998779296875,448.8800048828125,439.6700134277344,430.8299865722656,421.94000244140625,422.6400146484375,425.7900085449219,39993200,344.6099853515625,39.0,Neutral,0
2020-10-23,448.8800048828125,439.6700134277344,430.8299865722656,421.94000244140625,422.6400146484375,425.7900085449219,420.6300048828125,33717000,345.7799987792969,39.0,Hold,0
2020-10-26,439.6700134277344,430.8299865722656,421.94000244140625,422.6400146484375,425.7900085449219,420.6300048828125,420.2799987792969,28239200,339.3900146484375,27.0,Equal-Weight,1
2020-10-27,430.8299865722656,421.94000244140625,422.6400146484375,425.7900085449219,420.6300048828125,420.2799987792969,424.67999267578125,22686500,338.2200012207031,27.0,Equal-Weight,0
2020-10-28,421.94000244140625,422.6400146484375,425.7900085449219,420.6300048828125,420.2799987792969,424.67999267578125,406.0199890136719,25451400,326.6600036621094,27.0,Sell,1
2020-10-29,422.6400146484375,425.7900085449219,420.6300048828125,420.2799987792969,424.67999267578125,406.0199890136719,410.8299865722656,22655300,329.9800109863281,27.0,Sell,0
